NINT5-g28-s7	S2-L/Qwen3.8-Flash-Next-EWQ-MFQ-S2-L-00001-of-00004.mfq	model.block.0.mlp.experts.gate.weight	272	640	2560	5.5489306640625
NVQ-NQ1L	S2-L/Qwen3.8-Flash-Next-EWQ-MFQ-S2-L-00001-of-00004.mfq	model.block.0.mlp.experts.gate.weight	27	640	2560	1.5484489889705881
NVQ-NQ1S	S2-L/Qwen3.8-Flash-Next-EWQ-MFQ-S2-L-00001-of-00004.mfq	model.block.0.mlp.experts.gate.weight	6	640	2560	1.340517578125
NVQ-E8-256-J1-s4	S2-L/Qwen3.8-Flash-Next-EWQ-MFQ-S2-L-00001-of-00004.mfq	model.block.0.mlp.experts.gate.weight	13	640	2560	2.0501987092391305
NVQ-E8-1024-J1-s4	S2-L/Qwen3.8-Flash-Next-EWQ-MFQ-S2-L-00001-of-00004.mfq	model.block.0.mlp.experts.gate.weight	11	640	2560	2.306462890625
NVQ-E8-4096-J1-s4	S2-L/Qwen3.8-Flash-Next-EWQ-MFQ-S2-L-00001-of-00004.mfq	model.block.0.mlp.experts.gate.weight	0	640	2560	2.6938089767156863
NVQ-D4-256-J1-s4	S2-L/Qwen3.8-Flash-Next-EWQ-MFQ-S2-L-00001-of-00004.mfq	model.block.0.mlp.experts.gate.weight	2	640	2560	3.0485385366586537
NVQ-D4-512-J1-s4	S2-L/Qwen3.8-Flash-Next-EWQ-MFQ-S2-L-00001-of-00004.mfq	model.block.0.mlp.experts.gate.weight	1	640	2560	3.2986273871527776
NVQ-D4-1024-J1-s4	S2-L/Qwen3.8-Flash-Next-EWQ-MFQ-S2-L-00001-of-00004.mfq	model.block.0.mlp.experts.gate.weight	3	640	2560	3.5487057636589405
NINT4-g24-s6	S2-L/Qwen3.8-Flash-Next-EWQ-MFQ-S2-L-00001-of-00004.mfq	model.block.0.mlp.experts.up.weight	272	640	2560	4.528720703125
NVQ-NQ1L	S2-L/Qwen3.8-Flash-Next-EWQ-MFQ-S2-L-00001-of-00004.mfq	model.block.0.mlp.experts.down.weight	13	2560	640	1.568759300595238
NVQ-NQ1S	S2-L/Qwen3.8-Flash-Next-EWQ-MFQ-S2-L-00001-of-00004.mfq	model.block.0.mlp.experts.down.weight	6	2560	640	1.3611923828125
NVQ-E8-256-J1-s4	S2-L/Qwen3.8-Flash-Next-EWQ-MFQ-S2-L-00001-of-00004.mfq	model.block.0.mlp.experts.down.weight	55	2560	640	2.0705112092391302
NVQ-E8-1024-J1-s4	S2-L/Qwen3.8-Flash-Next-EWQ-MFQ-S2-L-00001-of-00004.mfq	model.block.0.mlp.experts.down.weight	0	2560	640	2.324923377403846
NVQ-E8-4096-J1-s4	S2-L/Qwen3.8-Flash-Next-EWQ-MFQ-S2-L-00001-of-00004.mfq	model.block.0.mlp.experts.down.weight	8	2560	640	2.7318139128989363
NVQ-D4-256-J1-s4	S2-L/Qwen3.8-Flash-Next-EWQ-MFQ-S2-L-00001-of-00004.mfq	model.block.0.mlp.experts.down.weight	1	2560	640	3.0688354293699187
NVQ-D4-512-J1-s4	S2-L/Qwen3.8-Flash-Next-EWQ-MFQ-S2-L-00001-of-00004.mfq	model.block.0.mlp.experts.down.weight	3	2560	640	3.318955078125
NVQ-D4-1024-J1-s4	S2-L/Qwen3.8-Flash-Next-EWQ-MFQ-S2-L-00001-of-00004.mfq	model.block.0.mlp.experts.down.weight	4	2560	640	3.5692265625
NINT5-g28-s7	S2-L/Qwen3.8-Flash-Next-EWQ-MFQ-S2-L-00001-of-00004.mfq	model.block.10.mlp.experts.down.weight	236	2560	640	5.592392578125
NINT4-g24-s6	S2-L/Qwen3.8-Flash-Next-EWQ-MFQ-S2-L-00001-of-00004.mfq	model.block.3.mlp.experts.down.weight	406	2560	640	4.614267578125
NINT6-g24-s7	V4-XS/Qwen3.8-Flash-Next-EWQ-MFQ-V4-XS-00001-of-00005.mfq	model.block.10.mlp.experts.up.weight	236	640	2560	6.618564453125
NINT6-g24-s7	V4-XS/Qwen3.8-Flash-Next-EWQ-MFQ-V4-XS-00001-of-00005.mfq	model.block.26.mlp.experts.down.weight	236	2560	640	6.723642578125
